week_start,week_end,week,month,year,theft,population_rate,education_rate,poverty_rate,inflation_rate,unemployment_rate,gdp,cpi
29/12/2014,04/01/2015,1,December,2014,565,1.19,1.9,13.2,1.366,5.6,0.2,1.1
05/01/2015,11/01/2015,2,January,2015,591,1.21,0.6,12.2,1.366,5.4,0.88,0.35
12/01/2015,18/01/2015,3,January,2015,585,1.21,0.6,12.2,1.366,5.4,0.88,0.35
19/01/2015,25/01/2015,4,January,2015,599,1.21,0.6,12.2,1.366,5.4,0.88,0.35
26/01/2015,01/02/2015,5,January,2015,611,1.21,0.6,12.2,1.366,5.4,0.88,0.35
02/02/2015,08/02/2015,1,February,2015,513,1.21,0.6,12.2,1.366,5.4,0.88,0.35
09/02/2015,15/02/2015,2,February,2015,593,1.21,0.6,12.2,1.366,5.4,0.88,0.35
16/02/2015,22/02/2015,3,February,2015,542,1.21,0.6,12.2,1.366,5.4,0.88,0.35
23/02/2015,01/03/2015,4,February,2015,527,1.21,0.6,12.2,1.366,5.4,0.88,0.35
02/03/2015,08/03/2015,1,March,2015,547,1.21,0.6,12.2,1.366,5.4,0.88,0.35
09/03/2015,15/03/2015,2,March,2015,498,1.21,0.6,12.2,1.366,5.4,0.88,0.35
16/03/2015,22/03/2015,3,March,2015,585,1.21,0.6,12.2,1.366,5.4,0.88,0.35
23/03/2015,29/03/2015,4,March,2015,595,1.21,0.6,12.2,1.366,5.4,0.88,0.35
30/03/2015,05/04/2015,5,March,2015,569,1.21,0.6,12.2,1.366,5.4,0.88,0.35
06/04/2015,12/04/2015,1,April,2015,545,1.21,0.6,12.2,1.366,5.4,0.88,0.35
13/04/2015,19/04/2015,2,April,2015,562,1.21,0.6,12.2,1.366,5.4,0.88,0.35
20/04/2015,26/04/2015,3,April,2015,544,1.21,0.6,12.2,1.366,5.4,0.88,0.35
27/04/2015,03/05/2015,4,April,2015,549,1.21,0.6,12.2,1.366,5.4,0.88,0.35
04/05/2015,10/05/2015,1,May,2015,555,1.21,0.6,12.2,1.366,5.4,0.88,0.35
11/05/2015,17/05/2015,2,May,2015,623,1.21,0.6,12.2,1.366,5.4,0.88,0.35
18/05/2015,24/05/2015,3,May,2015,582,1.21,0.6,12.2,1.366,5.4,0.88,0.35
25/05/2015,31/05/2015,4,May,2015,564,1.21,0.6,12.2,1.366,5.4,0.88,0.35
01/06/2015,07/06/2015,1,June,2015,499,1.21,0.6,12.2,1.366,5.4,0.88,0.35
08/06/2015,14/06/2015,2,June,2015,611,1.21,0.6,12.2,1.366,5.4,0.88,0.35
15/06/2015,21/06/2015,3,June,2015,602,1.21,0.6,12.2,1.366,5.4,0.88,0.35
22/06/2015,28/06/2015,4,June,2015,571,1.21,0.6,12.2,1.366,5.4,0.88,0.35
29/06/2015,05/07/2015,1,June,2015,543,1.21,0.6,12.2,1.366,5.4,0.88,0.35
06/07/2015,12/07/2015,2,July,2015,561,1.21,0.6,12.2,1.366,5.4,0.88,0.35
13/07/2015,19/07/2015,3,July,2015,541,1.21,0.6,12.2,1.366,5.4,0.88,0.35
20/07/2015,26/07/2015,4,July,2015,587,1.21,0.6,12.2,1.366,5.4,0.88,0.35
27/07/2015,02/08/2015,5,July,2015,537,1.21,0.6,12.2,1.366,5.4,0.88,0.35
03/08/2015,09/08/2015,1,August,2015,559,1.21,0.6,12.2,1.366,5.4,0.88,0.35
10/08/2015,16/08/2015,2,August,2015,588,1.21,0.6,12.2,1.366,5.4,0.88,0.35
17/08/2015,23/08/2015,3,August,2015,583,1.21,0.6,12.2,1.366,5.4,0.88,0.35
24/08/2015,30/08/2015,4,August,2015,558,1.21,0.6,12.2,1.366,5.4,0.88,0.35
31/08/2015,06/09/2015,1,August,2015,641,1.21,0.6,12.2,1.366,5.4,0.88,0.35
07/09/2015,13/09/2015,2,September,2015,584,1.21,0.6,12.2,1.366,5.4,0.88,0.35
14/09/2015,20/09/2015,3,September,2015,597,1.21,0.6,12.2,1.366,5.4,0.88,0.35
21/09/2015,27/09/2015,4,September,2015,638,1.21,0.6,12.2,1.366,5.4,0.88,0.35
28/09/2015,04/10/2015,5,September,2015,585,1.21,0.6,12.2,1.366,5.4,0.88,0.35
05/10/2015,11/10/2015,1,October,2015,559,1.21,0.6,12.2,1.366,5.4,0.88,0.35
12/10/2015,18/10/2015,2,October,2015,626,1.21,0.6,12.2,1.366,5.4,0.88,0.35
19/10/2015,25/10/2015,3,October,2015,651,1.21,0.6,12.2,1.366,5.4,0.88,0.35
26/10/2015,01/11/2015,4,October,2015,686,1.21,0.6,12.2,1.366,5.4,0.88,0.35
02/11/2015,08/11/2015,1,November,2015,652,1.21,0.6,12.2,1.366,5.4,0.88,0.35
09/11/2015,15/11/2015,2,November,2015,544,1.21,0.6,12.2,1.366,5.4,0.88,0.35
16/11/2015,22/11/2015,3,November,2015,643,1.21,0.6,12.2,1.366,5.4,0.88,0.35
23/11/2015,29/11/2015,4,November,2015,655,1.21,0.6,12.2,1.366,5.4,0.88,0.35
30/11/2015,06/12/2015,1,November,2015,690,1.21,0.6,12.2,1.366,5.4,0.88,0.35
07/12/2015,13/12/2015,2,December,2015,645,1.21,0.6,12.2,1.366,5.4,0.88,0.35
14/12/2015,20/12/2015,3,December,2015,666,1.21,0.6,12.2,1.366,5.4,0.88,0.35
21/12/2015,27/12/2015,4,December,2015,591,1.21,0.6,12.2,1.366,5.4,0.88,0.35
28/12/2015,03/01/2016,5,December,2015,607,1.21,0.6,12.2,1.366,5.4,0.88,0.35
04/01/2016,10/01/2016,1,January,2016,585,1.23,1.5,11.3,2.253,5.17,1.2,1.11
11/01/2016,17/01/2016,2,January,2016,590,1.23,1.5,11.3,2.253,5.17,1.2,1.11
18/01/2016,24/01/2016,3,January,2016,705,1.23,1.5,11.3,2.253,5.17,1.2,1.11
25/01/2016,31/01/2016,4,January,2016,670,1.23,1.5,11.3,2.253,5.17,1.2,1.11
01/02/2016,07/02/2016,1,February,2016,580,1.23,1.5,11.3,2.253,5.17,1.2,1.11
08/02/2016,14/02/2016,2,February,2016,642,1.23,1.5,11.3,2.253,5.17,1.2,1.11
15/02/2016,21/02/2016,3,February,2016,654,1.23,1.5,11.3,2.253,5.17,1.2,1.11
22/02/2016,28/02/2016,4,February,2016,644,1.23,1.5,11.3,2.253,5.17,1.2,1.11
29/02/2016,06/03/2016,1,March,2016,558,1.23,1.5,11.3,2.253,5.17,1.2,1.11
07/03/2016,13/03/2016,2,March,2016,492,1.23,1.5,11.3,2.253,5.17,1.2,1.11
14/03/2016,20/03/2016,3,March,2016,561,1.23,1.5,11.3,2.253,5.17,1.2,1.11
21/03/2016,27/03/2016,4,March,2016,592,1.23,1.5,11.3,2.253,5.17,1.2,1.11
28/03/2016,03/04/2016,5,March,2016,534,1.23,1.5,11.3,2.253,5.17,1.2,1.11
04/04/2016,10/04/2016,1,April,2016,551,1.23,1.5,11.3,2.253,5.17,1.2,1.11
11/04/2016,17/04/2016,2,April,2016,592,1.23,1.5,11.3,2.253,5.17,1.2,1.11
18/04/2016,24/04/2016,3,April,2016,611,1.23,1.5,11.3,2.253,5.17,1.2,1.11
25/04/2016,01/05/2016,4,April,2016,572,1.23,1.5,11.3,2.253,5.17,1.2,1.11
02/05/2016,08/05/2016,1,May,2016,586,1.23,1.5,11.3,2.253,5.17,1.2,1.11
09/05/2016,15/05/2016,2,May,2016,578,1.23,1.5,11.3,2.253,5.17,1.2,1.11
16/05/2016,22/05/2016,3,May,2016,631,1.23,1.5,11.3,2.253,5.17,1.2,1.11
23/05/2016,29/05/2016,4,May,2016,642,1.23,1.5,11.3,2.253,5.17,1.2,1.11
30/05/2016,05/06/2016,1,June,2016,566,1.23,1.5,11.3,2.253,5.17,1.2,1.11
06/06/2016,12/06/2016,2,June,2016,546,1.23,1.5,11.3,2.253,5.17,1.2,1.11
13/06/2016,19/06/2016,3,June,2016,630,1.23,1.5,11.3,2.253,5.17,1.2,1.11
20/06/2016,26/06/2016,4,June,2016,563,1.23,1.5,11.3,2.253,5.17,1.2,1.11
27/06/2016,03/07/2016,5,June,2016,614,1.23,1.5,11.3,2.253,5.17,1.2,1.11
04/07/2016,10/07/2016,1,July,2016,597,1.23,1.5,11.3,2.253,5.17,1.2,1.11
11/07/2016,17/07/2016,2,July,2016,537,1.23,1.5,11.3,2.253,5.17,1.2,1.11
18/07/2016,24/07/2016,3,July,2016,601,1.23,1.5,11.3,2.253,5.17,1.2,1.11
25/07/2016,31/07/2016,4,July,2016,553,1.23,1.5,11.3,2.253,5.17,1.2,1.11
01/08/2016,07/08/2016,1,August,2016,560,1.23,1.5,11.3,2.253,5.17,1.2,1.11
08/08/2016,14/08/2016,2,August,2016,581,1.23,1.5,11.3,2.253,5.17,1.2,1.11
15/08/2016,21/08/2016,3,August,2016,602,1.23,1.5,11.3,2.253,5.17,1.2,1.11
22/08/2016,28/08/2016,4,August,2016,620,1.23,1.5,11.3,2.253,5.17,1.2,1.11
29/08/2016,04/09/2016,1,September,2016,567,1.23,1.5,11.3,2.253,5.17,1.2,1.11
05/09/2016,11/09/2016,2,September,2016,504,1.23,1.5,11.3,2.253,5.17,1.2,1.11
12/09/2016,18/09/2016,3,September,2016,568,1.23,1.5,11.3,2.253,5.17,1.2,1.11
19/09/2016,25/09/2016,4,September,2016,595,1.23,1.5,11.3,2.253,5.17,1.2,1.11
26/09/2016,02/10/2016,5,September,2016,614,1.23,1.5,11.3,2.253,5.17,1.2,1.11
03/10/2016,09/10/2016,1,October,2016,574,1.23,1.5,11.3,2.253,5.17,1.2,1.11
10/10/2016,16/10/2016,2,October,2016,600,1.23,1.5,11.3,2.253,5.17,1.2,1.11
17/10/2016,23/10/2016,3,October,2016,643,1.23,1.5,11.3,2.253,5.17,1.2,1.11
24/10/2016,30/10/2016,4,October,2016,628,1.23,1.5,11.3,2.253,5.17,1.2,1.11
31/10/2016,06/11/2016,1,November,2016,597,1.23,1.5,11.3,2.253,5.17,1.2,1.11
07/11/2016,13/11/2016,2,November,2016,662,1.23,1.5,11.3,2.253,5.17,1.2,1.11
14/11/2016,20/11/2016,3,November,2016,721,1.23,1.5,11.3,2.253,5.17,1.2,1.11
21/11/2016,27/11/2016,4,November,2016,682,1.23,1.5,11.3,2.253,5.17,1.2,1.11
28/11/2016,04/12/2016,1,December,2016,642,1.23,1.5,11.3,2.253,5.17,1.2,1.11
05/12/2016,11/12/2016,2,December,2016,628,1.23,1.5,11.3,2.253,5.17,1.2,1.11
12/12/2016,18/12/2016,3,December,2016,650,1.23,1.5,11.3,2.253,5.17,1.2,1.11
19/12/2016,25/12/2016,4,December,2016,607,1.23,1.5,11.3,2.253,5.17,1.2,1.11
26/12/2016,01/01/2017,5,December,2016,535,1.23,1.5,11.3,2.253,5.17,1.2,1.11
02/01/2017,08/01/2017,1,January,2017,573,1.21,0.5,11,3.038,4.64,1.48,1.08
09/01/2017,15/01/2017,2,January,2017,568,1.21,0.5,11,3.038,4.64,1.48,1.08
16/01/2017,22/01/2017,3,January,2017,618,1.21,0.5,11,3.038,4.64,1.48,1.08
23/01/2017,29/01/2017,4,January,2017,623,1.21,0.5,11,3.038,4.64,1.48,1.08
30/01/2017,05/02/2017,1,February,2017,496,1.21,0.5,11,3.038,4.64,1.48,1.08
06/02/2017,12/02/2017,2,February,2017,512,1.21,0.5,11,3.038,4.64,1.48,1.08
13/02/2017,19/02/2017,3,February,2017,566,1.21,0.5,11,3.038,4.64,1.48,1.08
20/02/2017,26/02/2017,4,February,2017,585,1.21,0.5,11,3.038,4.64,1.48,1.08
27/02/2017,05/03/2017,1,March,2017,585,1.21,0.5,11,3.038,4.64,1.48,1.08
06/03/2017,12/03/2017,2,March,2017,516,1.21,0.5,11,3.038,4.64,1.48,1.08
13/03/2017,19/03/2017,3,March,2017,636,1.21,0.5,11,3.038,4.64,1.48,1.08
20/03/2017,26/03/2017,4,March,2017,631,1.21,0.5,11,3.038,4.64,1.48,1.08
27/03/2017,02/04/2017,5,March,2017,665,1.21,0.5,11,3.038,4.64,1.48,1.08
03/04/2017,09/04/2017,1,April,2017,548,1.21,0.5,11,3.038,4.64,1.48,1.08
10/04/2017,16/04/2017,2,April,2017,572,1.21,0.5,11,3.038,4.64,1.48,1.08
17/04/2017,23/04/2017,3,April,2017,558,1.21,0.5,11,3.038,4.64,1.48,1.08
24/04/2017,30/04/2017,4,April,2017,601,1.21,0.5,11,3.038,4.64,1.48,1.08
01/05/2017,07/05/2017,1,May,2017,525,1.21,0.5,11,3.038,4.64,1.48,1.08
08/05/2017,14/05/2017,2,May,2017,512,1.21,0.5,11,3.038,4.64,1.48,1.08
15/05/2017,21/05/2017,3,May,2017,619,1.21,0.5,11,3.038,4.64,1.48,1.08
22/05/2017,28/05/2017,4,May,2017,619,1.21,0.5,11,3.038,4.64,1.48,1.08
29/05/2017,04/06/2017,1,June,2017,546,1.21,0.5,11,3.038,4.64,1.48,1.08
05/06/2017,11/06/2017,2,June,2017,558,1.21,0.5,11,3.038,4.64,1.48,1.08
12/06/2017,18/06/2017,3,June,2017,549,1.21,0.5,11,3.038,4.64,1.48,1.08
19/06/2017,25/06/2017,4,June,2017,579,1.21,0.5,11,3.038,4.64,1.48,1.08
26/06/2017,02/07/2017,5,June,2017,632,1.21,0.5,11,3.038,4.64,1.48,1.08
03/07/2017,09/07/2017,1,July,2017,610,1.21,0.5,11,3.038,4.64,1.48,1.08
10/07/2017,16/07/2017,2,July,2017,634,1.21,0.5,11,3.038,4.64,1.48,1.08
17/07/2017,23/07/2017,3,July,2017,632,1.21,0.5,11,3.038,4.64,1.48,1.08
24/07/2017,30/07/2017,4,July,2017,633,1.21,0.5,11,3.038,4.64,1.48,1.08
31/07/2017,06/08/2017,1,August,2017,609,1.21,0.5,11,3.038,4.64,1.48,1.08
07/08/2017,13/08/2017,2,August,2017,625,1.21,0.5,11,3.038,4.64,1.48,1.08
14/08/2017,20/08/2017,3,August,2017,651,1.21,0.5,11,3.038,4.64,1.48,1.08
21/08/2017,27/08/2017,4,August,2017,636,1.21,0.5,11,3.038,4.64,1.48,1.08
28/08/2017,03/09/2017,5,August,2017,694,1.21,0.5,11,3.038,4.64,1.48,1.08
04/09/2017,10/09/2017,1,September,2017,578,1.21,0.5,11,3.038,4.64,1.48,1.08
11/09/2017,17/09/2017,2,September,2017,617,1.21,0.5,11,3.038,4.64,1.48,1.08
18/09/2017,24/09/2017,3,September,2017,612,1.21,0.5,11,3.038,4.64,1.48,1.08
25/09/2017,01/10/2017,4,September,2017,547,1.21,0.5,11,3.038,4.64,1.48,1.08
02/10/2017,08/10/2017,1,October,2017,581,1.21,0.5,11,3.038,4.64,1.48,1.08
09/10/2017,15/10/2017,2,October,2017,613,1.21,0.5,11,3.038,4.64,1.48,1.08
16/10/2017,22/10/2017,3,October,2017,612,1.21,0.5,11,3.038,4.64,1.48,1.08
23/10/2017,29/10/2017,4,October,2017,631,1.21,0.5,11,3.038,4.64,1.48,1.08
30/10/2017,05/11/2017,1,November,2017,497,1.21,0.5,11,3.038,4.64,1.48,1.08
06/11/2017,12/11/2017,2,November,2017,551,1.21,0.5,11,3.038,4.64,1.48,1.08
13/11/2017,19/11/2017,3,November,2017,578,1.21,0.5,11,3.038,4.64,1.48,1.08
20/11/2017,26/11/2017,4,November,2017,589,1.21,0.5,11,3.038,4.64,1.48,1.08
27/11/2017,03/12/2017,5,November,2017,626,1.21,0.5,11,3.038,4.64,1.48,1.08
04/12/2017,10/12/2017,1,December,2017,553,1.21,0.5,11,3.038,4.64,1.48,1.08
11/12/2017,17/12/2017,2,December,2017,602,1.21,0.5,11,3.038,4.64,1.48,1.08
18/12/2017,24/12/2017,3,December,2017,603,1.21,0.5,11,3.038,4.64,1.48,1.08
25/12/2017,31/12/2017,4,December,2017,499,1.21,0.5,11,3.038,4.64,1.48,1.08
01/01/2018,07/01/2018,1,January,2018,607,1.2,-0.8,10.3,3.181,4.42,3.65,2.05
08/01/2018,14/01/2018,2,January,2018,562,1.2,-0.8,10.3,3.181,4.42,3.65,2.05
15/01/2018,21/01/2018,3,January,2018,545,1.2,-0.8,10.3,3.181,4.42,3.65,2.05
22/01/2018,28/01/2018,4,January,2018,547,1.2,-0.8,10.3,3.181,4.42,3.65,2.05
29/01/2018,04/02/2018,1,February,2018,638,1.2,-0.8,10.3,3.181,4.42,3.65,2.05
05/02/2018,11/02/2018,2,February,2018,563,1.2,-0.8,10.3,3.181,4.42,3.65,2.05
12/02/2018,18/02/2018,3,February,2018,619,1.2,-0.8,10.3,3.181,4.42,3.65,2.05
19/02/2018,25/01/2018,4,February,2018,559,1.2,-0.8,10.3,3.181,4.42,3.65,2.05
26/02/2018,04/03/2018,1,March,2018,549,1.2,-0.8,10.3,3.181,4.42,3.65,2.05
05/03/2018,11/03/2018,2,March,2018,487,1.2,-0.8,10.3,3.181,4.42,3.65,2.05
12/03/2018,18/02/2018,3,March,2018,597,1.2,-0.8,10.3,3.181,4.42,3.65,2.05
19/03/2018,25/03/2018,4,March,2018,571,1.2,-0.8,10.3,3.181,4.42,3.65,2.05
26/03/2018,01/04/2018,5,March,2018,612,1.2,-0.8,10.3,3.181,4.42,3.65,2.05
02/04/2018,08/04/2018,1,April,2018,554,1.2,-0.8,10.3,3.181,4.42,3.65,2.05
09/04/2018,15/04/2018,2,April,2018,578,1.2,-0.8,10.3,3.181,4.42,3.65,2.05
16/04/2018,22/04/2018,3,April,2018,553,1.2,-0.8,10.3,3.181,4.42,3.65,2.05
23/04/2018,29/04/2018,4,April,2018,631,1.2,-0.8,10.3,3.181,4.42,3.65,2.05
30/04/2018,06/05/2018,1,May,2018,589,1.2,-0.8,10.3,3.181,4.42,3.65,2.05
07/05/2018,13/05/2018,2,May,2018,587,1.2,-0.8,10.3,3.181,4.42,3.65,2.05
14/05/2018,20/05/2018,3,May,2018,584,1.2,-0.8,10.3,3.181,4.42,3.65,2.05
21/05/2018,27/05/2018,4,May,2018,674,1.2,-0.8,10.3,3.181,4.42,3.65,2.05
28/05/2018,03/06/2018,5,May,2018,567,1.2,-0.8,10.3,3.181,4.42,3.65,2.05
04/06/2018,10/06/2018,1,June,2018,617,1.2,-0.8,10.3,3.181,4.42,3.65,2.05
11/06/2018,17/06/2018,2,June,2018,662,1.2,-0.8,10.3,3.181,4.42,3.65,2.05
18/06/2018,24/06/2018,3,June,2018,619,1.2,-0.8,10.3,3.181,4.42,3.65,2.05
25/06/2018,01/07/2018,4,June,2018,631,1.2,-0.8,10.3,3.181,4.42,3.65,2.05
02/07/2018,08/07/2018,1,July,2018,573,1.2,-0.8,10.3,3.181,4.42,3.65,2.05
09/07/2018,15/07/2018,2,July,2018,588,1.2,-0.8,10.3,3.181,4.42,3.65,2.05
16/07/2018,22/07/2018,3,July,2018,661,1.2,-0.8,10.3,3.181,4.42,3.65,2.05
23/07/2018,29/07/2018,4,July,2018,624,1.2,-0.8,10.3,3.181,4.42,3.65,2.05
30/07/2018,05/08/2018,1,August,2018,640,1.2,-0.8,10.3,3.181,4.42,3.65,2.05
06/08/2018,12/08/2018,2,August,2018,591,1.2,-0.8,10.3,3.181,4.42,3.65,2.05
13/08/2018,19/08/2018,3,August,2018,566,1.2,-0.8,10.3,3.181,4.42,3.65,2.05
20/08/2018,26/08/2018,4,August,2018,606,1.2,-0.8,10.3,3.181,4.42,3.65,2.05
27/08/2018,02/09/2018,5,August,2018,617,1.2,-0.8,10.3,3.181,4.42,3.65,2.05
03/09/2018,09/09/2018,1,September,2018,616,1.2,-0.8,10.3,3.181,4.42,3.65,2.05
10/09/2018,16/09/2018,2,September,2018,581,1.2,-0.8,10.3,3.181,4.42,3.65,2.05
17/09/2018,23/09/2018,3,September,2018,671,1.2,-0.8,10.3,3.181,4.42,3.65,2.05
24/09/2018,30/09/2018,4,September,2018,591,1.2,-0.8,10.3,3.181,4.42,3.65,2.05
01/10/2018,07/10/2018,1,October,2018,581,1.2,-0.8,10.3,3.181,4.42,3.65,2.05
08/10/2018,14/10/2018,2,October,2018,576,1.2,-0.8,10.3,3.181,4.42,3.65,2.05
15/10/2018,21/10/2018,3,October,2018,628,1.2,-0.8,10.3,3.181,4.42,3.65,2.05
22/10/2018,28/10/2018,4,October,2018,618,1.2,-0.8,10.3,3.181,4.42,3.65,2.05
29/10/2018,04/11/2018,1,November,2018,635,1.2,-0.8,10.3,3.181,4.42,3.65,2.05
05/11/2018,11/11/2018,2,November,2018,576,1.2,-0.8,10.3,3.181,4.42,3.65,2.05
12/11/2018,18/11/2018,3,November,2018,611,1.2,-0.8,10.3,3.181,4.42,3.65,2.05
19/11/2018,25/11/2018,4,November,2018,578,1.2,-0.8,10.3,3.181,4.42,3.65,2.05
26/11/2018,02/12/2018,5,November,2018,596,1.2,-0.8,10.3,3.181,4.42,3.65,2.05
03/12/2018,09/12/2018,1,December,2018,583,1.2,-0.8,10.3,3.181,4.42,3.65,2.05
10/12/2018,16/12/2018,2,December,2018,620,1.2,-0.8,10.3,3.181,4.42,3.65,2.05
17/12/2018,23/12/2018,3,December,2018,661,1.2,-0.8,10.3,3.181,4.42,3.65,2.05
24/12/2018,30/12/2018,4,December,2018,573,1.2,-0.8,10.3,3.181,4.42,3.65,2.05
31/12/2018,06/01/2019,1,January,2019,494,0.8,1.3,9.8,2.516,4.16,1.38,1.26
07/01/2019,13/01/2019,2,January,2019,570,0.8,1.3,9.8,2.516,4.16,1.38,1.26
14/01/2019,20/01/2019,3,January,2019,597,0.8,1.3,9.8,2.516,4.16,1.38,1.26
21/01/2019,27/01/2019,4,January,2019,509,0.8,1.3,9.8,2.516,4.16,1.38,1.26
28/01/2019,03/02/2019,5,January,2019,569,0.8,1.3,9.8,2.516,4.16,1.38,1.26
04/02/2019,10/02/2019,1,February,2019,346,0.8,1.3,9.8,2.516,4.16,1.38,1.26
11/02/2019,17/02/2019,2,February,2019,416,0.8,1.3,9.8,2.516,4.16,1.38,1.26
18/02/2019,24/02/2019,3,February,2019,567,0.8,1.3,9.8,2.516,4.16,1.38,1.26
25/02/2019,03/03/2019,4,February,2019,510,0.8,1.3,9.8,2.516,4.16,1.38,1.26
04/03/2019,10/03/2019,1,March,2019,516,0.8,1.3,9.8,2.516,4.16,1.38,1.26
11/03/2019,17/03/2019,2,March,2019,581,0.8,1.3,9.8,2.516,4.16,1.38,1.26
18/03/2019,24/03/2019,3,March,2019,539,0.8,1.3,9.8,2.516,4.16,1.38,1.26
25/03/2019,31/03/2019,4,March,2019,518,0.8,1.3,9.8,2.516,4.16,1.38,1.26
01/04/2019,07/04/2019,1,April,2019,480,0.8,1.3,9.8,2.516,4.16,1.38,1.26
08/04/2019,14/04/2019,2,April,2019,526,0.8,1.3,9.8,2.516,4.16,1.38,1.26
15/04/2019,21/04/2019,3,April,2019,637,0.8,1.3,9.8,2.516,4.16,1.38,1.26
22/04/2019,28/04/2019,4,April,2019,548,0.8,1.3,9.8,2.516,4.16,1.38,1.26
29/04/2019,05/05/2019,1,May,2019,517,0.8,1.3,9.8,2.516,4.16,1.38,1.26
06/05/2019,12/05/2019,2,May,2019,473,0.8,1.3,9.8,2.516,4.16,1.38,1.26
13/05/2019,19/05/2019,3,May,2019,597,0.8,1.3,9.8,2.516,4.16,1.38,1.26
20/05/2019,26/05/2019,4,May,2019,573,0.8,1.3,9.8,2.516,4.16,1.38,1.26
27/05/2019,02/06/2019,5,May,2019,593,0.8,1.3,9.8,2.516,4.16,1.38,1.26
03/06/2019,09/06/2019,1,June,2019,563,0.8,1.3,9.8,2.516,4.16,1.38,1.26
10/06/2019,16/06/2019,2,June,2019,524,0.8,1.3,9.8,2.516,4.16,1.38,1.26
17/06/2019,23/06/2019,3,June,2019,558,0.8,1.3,9.8,2.516,4.16,1.38,1.26
24/06/2019,30/06/2019,4,June,2019,627,0.8,1.3,9.8,2.516,4.16,1.38,1.26
01/07/2019,07/07/2019,1,July,2019,584,0.8,1.3,9.8,2.516,4.16,1.38,1.26
08/07/2019,14/07/2019,2,July,2019,607,0.8,1.3,9.8,2.516,4.16,1.38,1.26
15/07/2019,21/07/2019,3,July,2019,643,0.8,1.3,9.8,2.516,4.16,1.38,1.26
22/07/2019,28/07/2019,4,July,2019,654,0.8,1.3,9.8,2.516,4.16,1.38,1.26
29/07/2019,04/08/2019,1,August,2019,591,0.8,1.3,9.8,2.516,4.16,1.38,1.26
05/08/2019,11/08/2019,2,August,2019,640,0.8,1.3,9.8,2.516,4.16,1.38,1.26
12/08/2019,18/08/2019,3,August,2019,623,0.8,1.3,9.8,2.516,4.16,1.38,1.26
19/08/2019,25/08/2019,4,August,2019,650,0.8,1.3,9.8,2.516,4.16,1.38,1.26
26/08/2019,01/09/2019,5,August,2019,660,0.8,1.3,9.8,2.516,4.16,1.38,1.26
02/09/2019,08/09/2019,1,September,2019,544,0.8,1.3,9.8,2.516,4.16,1.38,1.26
09/09/2019,15/09/2019,2,September,2019,631,0.8,1.3,9.8,2.516,4.16,1.38,1.26
16/09/2019,22/09/2019,3,September,2019,613,0.8,1.3,9.8,2.516,4.16,1.38,1.26
23/09/2019,29/09/2019,4,September,2019,710,0.8,1.3,9.8,2.516,4.16,1.38,1.26
30/09/2019,06/10/2019,1,October,2019,639,0.8,1.3,9.8,2.516,4.16,1.38,1.26
07/10/2019,13/10/2019,2,October,2019,589,0.8,1.3,9.8,2.516,4.16,1.38,1.26
14/10/2019,20/10/2019,3,October,2019,585,0.8,1.3,9.8,2.516,4.16,1.38,1.26
21/10/2019,27/10/2019,4,October,2019,633,0.8,1.3,9.8,2.516,4.16,1.38,1.26
28/10/2019,03/11/2019,5,October,2019,626,0.8,1.3,9.8,2.516,4.16,1.38,1.26
04/11/2019,10/11/2019,1,November,2019,599,0.8,1.3,9.8,2.516,4.16,1.38,1.26
11/11/2019,17/11/2019,2,November,2019,636,0.8,1.3,9.8,2.516,4.16,1.38,1.26
18/11/2019,24/11/2019,3,November,2019,593,0.8,1.3,9.8,2.516,4.16,1.38,1.26
25/11/2019,01/12/2019,4,November,2019,630,0.8,1.3,9.8,2.516,4.16,1.38,1.26
02/12/2019,08/12/2019,1,December,2019,616,0.8,1.3,9.8,2.516,4.16,1.38,1.26
09/12/2019,15/12/2019,2,December,2019,560,0.8,1.3,9.8,2.516,4.16,1.38,1.26
16/12/2019,22/12/2019,3,December,2019,583,0.8,1.3,9.8,2.516,4.16,1.38,1.26
23/12/2019,29/12/2019,4,December,2019,551,0.8,1.3,9.8,2.516,4.16,1.38,1.26
30/12/2019,05/01/2020,1,January,2020,566,0.79,-2.3,10.2,1.665,8.57,0.24,0.9
06/01/2020,12/01/2020,2,January,2020,589,0.79,-2.3,10.2,1.665,8.57,0.24,0.9
13/01/2020,19/01/2020,3,January,2020,594,0.79,-2.3,10.2,1.665,8.57,0.24,0.9
20/01/2020,26/01/2020,4,January,2020,608,0.79,-2.3,10.2,1.665,8.57,0.24,0.9
27/01/2020,02/02/2020,5,January,2020,609,0.79,-2.3,10.2,1.665,8.57,0.24,0.9
03/02/2020,09/02/2020,1,February,2020,559,0.79,-2.3,10.2,1.665,8.57,0.24,0.9
10/02/2020,16/02/2020,2,February,2020,586,0.79,-2.3,10.2,1.665,8.57,0.24,0.9
17/02/2020,23/02/2020,3,February,2020,544,0.79,-2.3,10.2,1.665,8.57,0.24,0.9
24/02/2020,01/03/2020,4,February,2020,544,0.79,-2.3,10.2,1.665,8.57,0.24,0.9
02/03/2020,08/03/2020,1,March,2020,477,0.79,-2.3,10.2,1.665,8.57,0.24,0.9
09/03/2020,15/03/2020,2,March,2020,488,0.79,-2.3,10.2,1.665,8.57,0.24,0.9
16/03/2020,22/03/2020,3,March,2020,415,0.79,-2.3,10.2,1.665,8.57,0.24,0.9
23/03/2020,29/03/2020,4,March,2020,444,0.79,-2.3,10.2,1.665,8.57,0.24,0.9
30/03/2020,05/04/2020,1,April,2020,477,0.79,-2.3,10.2,1.665,8.57,0.24,0.9
06/04/2020,12/04/2020,2,April,2020,481,0.79,-2.3,10.2,1.665,8.57,0.24,0.9
13/04/2020,19/04/2020,3,April,2020,500,0.79,-2.3,10.2,1.665,8.57,0.24,0.9
20/04/2020,26/04/2020,4,April,2020,503,0.79,-2.3,10.2,1.665,8.57,0.24,0.9
27/04/2020,03/05/2020,5,April,2020,453,0.79,-2.3,10.2,1.665,8.57,0.24,0.9
04/05/2020,10/05/2020,1,May,2020,439,0.79,-2.3,10.2,1.665,8.57,0.24,0.9
11/05/2020,17/05/2020,2,May,2020,439,0.79,-2.3,10.2,1.665,8.57,0.24,0.9
18/05/2020,24/05/2020,3,May,2020,448,0.79,-2.3,10.2,1.665,8.57,0.24,0.9
25/05/2020,31/05/2020,4,May,2020,419,0.79,-2.3,10.2,1.665,8.57,0.24,0.9
01/06/2020,07/06/2020,1,June,2020,410,0.79,-2.3,10.2,1.665,8.57,0.24,0.9
08/06/2020,14/06/2020,2,June,2020,304,0.79,-2.3,10.2,1.665,8.57,0.24,0.9
15/06/2020,21/06/2020,3,June,2020,372,0.79,-2.3,10.2,1.665,8.57,0.24,0.9
22/06/2020,28/06/2020,4,June,2020,439,0.79,-2.3,10.2,1.665,8.57,0.24,0.9
29/06/2020,05/07/2020,1,July,2020,466,0.79,-2.3,10.2,1.665,8.57,0.24,0.9
06/07/2020,12/07/2020,2,July,2020,457,0.79,-2.3,10.2,1.665,8.57,0.24,0.9
13/07/2020,19/07/2020,3,July,2020,481,0.79,-2.3,10.2,1.665,8.57,0.24,0.9
20/07/2020,26/07/2020,4,July,2020,512,0.79,-2.3,10.2,1.665,8.57,0.24,0.9
27/07/2020,02/08/2020,5,July,2020,514,0.79,-2.3,10.2,1.665,8.57,0.24,0.9
03/08/2020,09/08/2020,1,August,2020,541,0.79,-2.3,10.2,1.665,8.57,0.24,0.9
10/08/2020,16/08/2020,2,August,2020,562,0.79,-2.3,10.2,1.665,8.57,0.24,0.9
17/08/2020,23/08/2020,3,August,2020,539,0.79,-2.3,10.2,1.665,8.57,0.24,0.9
24/08/2020,30/08/2020,4,August,2020,586,0.79,-2.3,10.2,1.665,8.57,0.24,0.9
31/08/2020,06/09/2020,1,September,2020,620,0.79,-2.3,10.2,1.665,8.57,0.24,0.9
07/09/2020,13/09/2020,2,September,2020,566,0.79,-2.3,10.2,1.665,8.57,0.24,0.9
14/09/2020,20/09/2020,3,September,2020,646,0.79,-2.3,10.2,1.665,8.57,0.24,0.9
21/09/2020,27/09/2020,4,September,2020,660,0.79,-2.3,10.2,1.665,8.57,0.24,0.9
28/09/2020,04/10/2020,1,October,2020,683,0.79,-2.3,10.2,1.665,8.57,0.24,0.9
05/10/2020,11/10/2020,2,October,2020,689,0.79,-2.3,10.2,1.665,8.57,0.24,0.9
12/10/2020,18/10/2020,3,October,2020,681,0.79,-2.3,10.2,1.665,8.57,0.24,0.9
19/10/2020,25/10/2020,4,October,2020,625,0.79,-2.3,10.2,1.665,8.57,0.24,0.9
26/10/2020,01/11/2020,5,October,2020,634,0.79,-2.3,10.2,1.665,8.57,0.24,0.9
02/11/2020,08/11/2020,1,November,2020,597,0.79,-2.3,10.2,1.665,8.57,0.24,0.9
09/11/2020,15/11/2020,2,November,2020,616,0.79,-2.3,10.2,1.665,8.57,0.24,0.9
16/11/2020,22/11/2020,3,November,2020,613,0.79,-2.3,10.2,1.665,8.57,0.24,0.9
23/11/2020,29/11/2020,4,November,2020,585,0.79,-2.3,10.2,1.665,8.57,0.24,0.9
30/11/2020,06/12/2020,1,December,2020,660,0.79,-2.3,10.2,1.665,8.57,0.24,0.9
07/12/2020,13/12/2020,2,December,2020,662,0.79,-2.3,10.2,1.665,8.57,0.24,0.9
14/12/2020,20/12/2020,3,December,2020,674,0.79,-2.3,10.2,1.665,8.57,0.24,0.9
21/12/2020,27/12/2020,4,December,2020,541,0.79,-2.3,10.2,1.665,8.57,0.24,0.9
28/12/2020,03/01/2021,5,December,2020,618,0.79,-2.3,10.2,1.665,8.57,0.24,0.9
04/01/2021,10/01/2021,1,January,2021,571,0.82,-4.2,9.9,4.742,5.22,1.63,3.89
11/01/2021,17/01/2021,2,January,2021,538,0.82,-4.2,9.9,4.742,5.22,1.63,3.89
18/01/2021,24/01/2021,3,January,2021,557,0.82,-4.2,9.9,4.742,5.22,1.63,3.89
25/01/2021,31/01/2021,4,January,2021,528,0.82,-4.2,9.9,4.742,5.22,1.63,3.89
01/02/2021,07/02/2021,1,February,2021,604,0.82,-4.2,9.9,4.742,5.22,1.63,3.89
08/02/2021,14/02/2021,2,February,2021,465,0.82,-4.2,9.9,4.742,5.22,1.63,3.89
15/02/2021,21/02/2021,3,February,2021,498,0.82,-4.2,9.9,4.742,5.22,1.63,3.89
22/02/2021,28/02/2021,4,February,2021,552,0.82,-4.2,9.9,4.742,5.22,1.63,3.89
01/03/2021,07/03/2021,1,March ,2021,589,0.82,-4.2,9.9,4.742,5.22,1.63,3.89
08/03/2021,14/03/2021,2,March ,2021,570,0.82,-4.2,9.9,4.742,5.22,1.63,3.89
15/03/2021,21/03/2021,3,March ,2021,529,0.82,-4.2,9.9,4.742,5.22,1.63,3.89
22/03/2021,28/03/2021,4,March ,2021,476,0.82,-4.2,9.9,4.742,5.22,1.63,3.89
29/03/2021,04/04/2021,1,April,2021,548,0.82,-4.2,9.9,4.742,5.22,1.63,3.89
05/04/2021,11/04/2021,2,April,2021,508,0.82,-4.2,9.9,4.742,5.22,1.63,3.89
12/04/2021,18/04/2021,3,April,2021,488,0.82,-4.2,9.9,4.742,5.22,1.63,3.89
19/04/2021,25/04/2021,4,April,2021,538,0.82,-4.2,9.9,4.742,5.22,1.63,3.89
26/04/2021,02/05/2021,5,April,2021,541,0.82,-4.2,9.9,4.742,5.22,1.63,3.89
03/05/2021,09/05/2021,1,May,2021,518,0.82,-4.2,9.9,4.742,5.22,1.63,3.89
10/05/2021,16/05/2021,2,May,2021,611,0.82,-4.2,9.9,4.742,5.22,1.63,3.89
17/05/2021,23/05/2021,3,May,2021,562,0.82,-4.2,9.9,4.742,5.22,1.63,3.89
24/05/2021,30/05/2021,4,May,2021,652,0.82,-4.2,9.9,4.742,5.22,1.63,3.89
31/05/2021,06/06/2021,1,June,2021,587,0.82,-4.2,9.9,4.742,5.22,1.63,3.89
07/06/2021,13/06/2021,2,June,2021,610,0.82,-4.2,9.9,4.742,5.22,1.63,3.89
14/06/2021,20/06/2021,3,June,2021,631,0.82,-4.2,9.9,4.742,5.22,1.63,3.89
21/06/2021,27/06/2021,4,June,2021,551,0.82,-4.2,9.9,4.742,5.22,1.63,3.89
28/06/2021,04/07/2021,1,July,2021,620,0.82,-4.2,9.9,4.742,5.22,1.63,3.89
05/07/2021,11/07/2021,2,July,2021,625,0.82,-4.2,9.9,4.742,5.22,1.63,3.89
12/07/2021,18/07/2021,3,July,2021,642,0.82,-4.2,9.9,4.742,5.22,1.63,3.89
19/07/2021,25/07/2021,4,July,2021,576,0.82,-4.2,9.9,4.742,5.22,1.63,3.89
26/07/2021,01/08/2021,5,July,2021,701,0.82,-4.2,9.9,4.742,5.22,1.63,3.89
02/08/2021,08/08/2021,1,August,2021,627,0.82,-4.2,9.9,4.742,5.22,1.63,3.89
09/08/2021,15/08/2021,2,August,2021,609,0.82,-4.2,9.9,4.742,5.22,1.63,3.89
16/08/2021,22/08/2021,3,August,2021,702,0.82,-4.2,9.9,4.742,5.22,1.63,3.89
23/08/2021,29/08/2021,4,August,2021,665,0.82,-4.2,9.9,4.742,5.22,1.63,3.89
30/08/2021,05/09/2021,1,September,2021,712,0.82,-4.2,9.9,4.742,5.22,1.63,3.89
06/09/2021,12/09/2021,2,September,2021,686,0.82,-4.2,9.9,4.742,5.22,1.63,3.89
13/09/2021,19/09/2021,3,September,2021,790,0.82,-4.2,9.9,4.742,5.22,1.63,3.89
20/09/2021,26/09/2021,4,September,2021,740,0.82,-4.2,9.9,4.742,5.22,1.63,3.89
27/09/2021,03/10/2021,5,September,2021,804,0.82,-4.2,9.9,4.742,5.22,1.63,3.89
04/10/2021,10/10/2021,1,October,2021,733,0.82,-4.2,9.9,4.742,5.22,1.63,3.89
11/10/2021,17/10/2021,2,October,2021,749,0.82,-4.2,9.9,4.742,5.22,1.63,3.89
18/10/2021,24/10/2021,3,October,2021,738,0.82,-4.2,9.9,4.742,5.22,1.63,3.89
25/10/2021,31/10/2021,4,October,2021,759,0.82,-4.2,9.9,4.742,5.22,1.63,3.89
01/11/2021,07/11/2021,1,November,2021,808,0.82,-4.2,9.9,4.742,5.22,1.63,3.89
08/11/2021,14/11/2021,2,November,2021,695,0.82,-4.2,9.9,4.742,5.22,1.63,3.89
15/11/2021,21/11/2021,3,November,2021,686,0.82,-4.2,9.9,4.742,5.22,1.63,3.89
22/11/2021,28/11/2021,4,November,2021,682,0.82,-4.2,9.9,4.742,5.22,1.63,3.89
29/11/2021,05/12/2021,1,December,2021,741,0.82,-4.2,9.9,4.742,5.22,1.63,3.89
06/12/2021,12/12/2021,2,December,2021,638,0.82,-4.2,9.9,4.742,5.22,1.63,3.89
13/12/2021,19/12/2021,3,December,2021,707,0.82,-4.2,9.9,4.742,5.22,1.63,3.89
20/12/2021,26/12/2021,4,December,2021,643,0.82,-4.2,9.9,4.742,5.22,1.63,3.89
27/12/2021,02/01/2022,5,December,2021,585,0.82,-4.2,9.9,4.742,5.22,1.63,3.89
03/01/2022,09/01/2022,1,January,2022,645,0.81,-0.3,10,8.92,4.07,0.31,6.69
10/01/2022,16/01/2022,2,January,2022,672,0.81,-0.3,10,8.92,4.07,0.31,6.69
17/01/2022,23/01/2022,3,January,2022,707,0.81,-0.3,10,8.92,4.07,0.31,6.69
24/01/2022,30/01/2022,4,January,2022,821,0.81,-0.3,10,8.92,4.07,0.31,6.69
31/01/2022,06/02/2022,1,February,2022,778,0.81,-0.3,10,8.92,4.07,0.31,6.69
07/02/2022,13/02/2022,2,February,2022,835,0.81,-0.3,10,8.92,4.07,0.31,6.69
14/02/2022,20/02/2022,3,February,2022,756,0.81,-0.3,10,8.92,4.07,0.31,6.69
21/02/2022,27/02/2022,4,February,2022,751,0.81,-0.3,10,8.92,4.07,0.31,6.69
28/02/2022,06/03/2022,1,March ,2022,756,0.81,-0.3,10,8.92,4.07,0.31,6.69
07/03/2022,13/03/2022,2,March ,2022,748,0.81,-0.3,10,8.92,4.07,0.31,6.69
14/03/2022,20/03/2022,3,March ,2022,708,0.81,-0.3,10,8.92,4.07,0.31,6.69
21/03/2022,27/03/2022,4,March ,2022,686,0.81,-0.3,10,8.92,4.07,0.31,6.69
28/03/2022,03/04/2022,5,March ,2022,723,0.81,-0.3,10,8.92,4.07,0.31,6.69
04/04/2022,10/04/2022,1,April,2022,712,0.81,-0.3,10,8.92,4.07,0.31,6.69
11/04/2022,17/04/2022,2,April,2022,720,0.81,-0.3,10,8.92,4.07,0.31,6.69
18/04/2022,24/04/2022,3,April,2022,674,0.81,-0.3,10,8.92,4.07,0.31,6.69
25/04/2022,01/05/2022,4,April,2022,689,0.81,-0.3,10,8.92,4.07,0.31,6.69
02/05/2022,08/05/2022,1,May,2022,658,0.81,-0.3,10,8.92,4.07,0.31,6.69
09/05/2022,15/05/2022,2,May,2022,740,0.81,-0.3,10,8.92,4.07,0.31,6.69
16/05/2022,22/05/2022,3,May,2022,684,0.81,-0.3,10,8.92,4.07,0.31,6.69
23/05/2022,29/05/2022,4,May,2022,632,0.81,-0.3,10,8.92,4.07,0.31,6.69
30/05/2022,05/06/2022,1,June,2022,605,0.81,-0.3,10,8.92,4.07,0.31,6.69
06/06/2022,12/06/2022,2,June,2022,686,0.81,-0.3,10,8.92,4.07,0.31,6.69
13/06/2022,19/06/2022,3,June,2022,642,0.81,-0.3,10,8.92,4.07,0.31,6.69
20/06/2022,26/06/2022,4,June,2022,666,0.81,-0.3,10,8.92,4.07,0.31,6.69
27/06/2022,03/07/2022,5,June,2022,713,0.81,-0.3,10,8.92,4.07,0.31,6.69
04/07/2022,10/07/2022,1,July,2022,682,0.81,-0.3,10,8.92,4.07,0.31,6.69
11/07/2022,17/07/2022,2,July,2022,678,0.81,-0.3,10,8.92,4.07,0.31,6.69
18/07/2022,24/07/2022,3,July,2022,690,0.81,-0.3,10,8.92,4.07,0.31,6.69
25/07/2022,31/07/2022,4,July,2022,652,0.81,-0.3,10,8.92,4.07,0.31,6.69
01/08/2022,07/08/2022,1,August,2022,726,0.81,-0.3,10,8.92,4.07,0.31,6.69
08/08/2022,14/08/2022,2,August,2022,677,0.81,-0.3,10,8.92,4.07,0.31,6.69
15/08/2022,21/08/2022,3,August,2022,710,0.81,-0.3,10,8.92,4.07,0.31,6.69
22/08/2022,28/08/2022,4,August,2022,662,0.81,-0.3,10,8.92,4.07,0.31,6.69
29/08/2022,04/09/2022,1,September,2022,676,0.81,-0.3,10,8.92,4.07,0.31,6.69
05/09/2022,11/09/2022,2,September,2022,606,0.81,-0.3,10,8.92,4.07,0.31,6.69
12/09/2022,18/09/2022,3,September,2022,640,0.81,-0.3,10,8.92,4.07,0.31,6.69
19/09/2022,25/09/2022,4,September,2022,722,0.81,-0.3,10,8.92,4.07,0.31,6.69
26/09/2022,02/10/2022,5,September,2022,659,0.81,-0.3,10,8.92,4.07,0.31,6.69
03/10/2022,09/10/2022,1,October,2022,597,0.81,-0.3,10,8.92,4.07,0.31,6.69
10/10/2022,16/10/2022,2,October,2022,667,0.81,-0.3,10,8.92,4.07,0.31,6.69
17/10/2022,23/10/2022,3,October,2022,674,0.81,-0.3,10,8.92,4.07,0.31,6.69
24/10/2022,30/10/2022,4,October,2022,718,0.81,-0.3,10,8.92,4.07,0.31,6.69
31/10/2022,06/11/2022,1,November,2022,675,0.81,-0.3,10,8.92,4.07,0.31,6.69
07/11/2022,13/11/2022,2,November,2022,651,0.81,-0.3,10,8.92,4.07,0.31,6.69
14/11/2022,20/11/2022,3,November,2022,636,0.81,-0.3,10,8.92,4.07,0.31,6.69
21/11/2022,27/11/2022,4,November,2022,617,0.81,-0.3,10,8.92,4.07,0.31,6.69
28/11/2022,04/12/2022,1,December,2022,619,0.81,-0.3,10,8.92,4.07,0.31,6.69
05/12/2022,11/12/2022,2,December,2022,647,0.81,-0.3,10,8.92,4.07,0.31,6.69
12/12/2022,18/12/2022,3,December,2022,700,0.81,-0.3,10,8.92,4.07,0.31,6.69
19/12/2022,25/12/2022,4,December,2022,545,0.81,-0.3,10,8.92,4.07,0.31,6.69
26/12/2022,01/01/2023,5,December,2022,638,0.81,-0.3,10,8.92,4.07,0.31,6.69
02/01/2023,08/01/2023,1,January,2023,633,0.86,-1.7,10.3,5.798,4.07,0.97,3.14
09/01/2023,15/01/2023,2,January,2023,533,0.86,-1.7,10.3,5.798,4.07,0.97,3.14
16/01/2023,22/01/2023,3,January,2023,605,0.86,-1.7,10.3,5.798,4.07,0.97,3.14
23/01/2023,29/01/2023,4,January,2023,567,0.86,-1.7,10.3,5.798,4.07,0.97,3.14
30/01/2023,05/02/2023,1,February,2023,534,0.86,-1.7,10.3,5.798,4.07,0.97,3.14
06/02/2023,12/02/2023,2,February,2023,573,0.86,-1.7,10.3,5.798,4.07,0.97,3.14
13/02/2023,19/02/2023,3,February,2023,564,0.86,-1.7,10.3,5.798,4.07,0.97,3.14
20/02/2023,26/02/2023,4,February,2023,525,0.86,-1.7,10.3,5.798,4.07,0.97,3.14
27/02/2023,05/03/2023,1,March,2023,490,0.86,-1.7,10.3,5.798,4.07,0.97,3.14
06/03/2023,12/03/2023,2,March,2023,543,0.86,-1.7,10.3,5.798,4.07,0.97,3.14
13/03/2023,19/03/2023,3,March,2023,555,0.86,-1.7,10.3,5.798,4.07,0.97,3.14
20/03/2023,26/03/2023,4,March,2023,536,0.86,-1.7,10.3,5.798,4.07,0.97,3.14
27/03/2023,02/04/2023,5,March,2023,583,0.86,-1.7,10.3,5.798,4.07,0.97,3.14
03/04/2023,09/04/2023,1,April,2023,582,0.86,-1.7,10.3,5.798,4.07,0.97,3.14
10/04/2023,16/04/2023,2,April,2023,558,0.86,-1.7,10.3,5.798,4.07,0.97,3.14
17/04/2023,23/04/2023,3,April,2023,580,0.86,-1.7,10.3,5.798,4.07,0.97,3.14
24/04/2023,30/04/2023,4,April,2023,673,0.86,-1.7,10.3,5.798,4.07,0.97,3.14
01/05/2023,07/05/2023,1,May,2023,553,0.86,-1.7,10.3,5.798,4.07,0.97,3.14
08/05/2023,14/05/2023,2,May,2023,642,0.86,-1.7,10.3,5.798,4.07,0.97,3.14
15/05/2023,21/05/2023,3,May,2023,607,0.86,-1.7,10.3,5.798,4.07,0.97,3.14
22/05/2023,28/05/2023,4,May,2023,616,0.86,-1.7,10.3,5.798,4.07,0.97,3.14
29/05/2023,04/06/2023,1,June,2023,532,0.86,-1.7,10.3,5.798,4.07,0.97,3.14
05/06/2023,11/06/2023,2,June,2023,533,0.86,-1.7,10.3,5.798,4.07,0.97,3.14
12/06/2023,18/06/2023,3,June,2023,583,0.86,-1.7,10.3,5.798,4.07,0.97,3.14
19/06/2023,25/06/2023,4,June,2023,588,0.86,-1.7,10.3,5.798,4.07,0.97,3.14
26/06/2023,02/07/2023,5,June,2023,633,0.86,-1.7,10.3,5.798,4.07,0.97,3.14
03/07/2023,09/07/2023,1,July,2023,585,0.86,-1.7,10.3,5.798,4.07,0.97,3.14
10/07/2023,16/07/2023,2,July,2023,735,0.86,-1.7,10.3,5.798,4.07,0.97,3.14
17/07/2023,23/07/2023,3,July,2023,743,0.86,-1.7,10.3,5.798,4.07,0.97,3.14
24/07/2023,30/07/2023,4,July,2023,671,0.86,-1.7,10.3,5.798,4.07,0.97,3.14
31/07/2023,06/08/2023,1,August,2023,711,0.86,-1.7,10.3,5.798,4.07,0.97,3.14
07/08/2023,13/08/2023,2,August,2023,689,0.86,-1.7,10.3,5.798,4.07,0.97,3.14
14/08/2023,20/08/2023,3,August,2023,638,0.86,-1.7,10.3,5.798,4.07,0.97,3.14
21/08/2023,27/08/2023,4,August,2023,720,0.86,-1.7,10.3,5.798,4.07,0.97,3.14
28/08/2023,03/09/2023,5,August,2023,690,0.86,-1.7,10.3,5.798,4.07,0.97,3.14
04/09/2023,10/09/2023,1,September,2023,691,0.86,-1.7,10.3,5.798,4.07,0.97,3.14
11/09/2023,17/09/2023,2,September,2023,654,0.86,-1.7,10.3,5.798,4.07,0.97,3.14
18/09/2023,24/09/2023,3,September,2023,575,0.86,-1.7,10.3,5.798,4.07,0.97,3.14
25/09/2023,01/10/2023,4,September,2023,638,0.86,-1.7,10.3,5.798,4.07,0.97,3.14
02/10/2023,08/10/2023,1,October,2023,606,0.86,-1.7,10.3,5.798,4.07,0.97,3.14
09/10/2023,15/10/2023,2,October,2023,618,0.86,-1.7,10.3,5.798,4.07,0.97,3.14
16/10/2023,22/10/2023,3,October,2023,639,0.86,-1.7,10.3,5.798,4.07,0.97,3.14
23/10/2023,29/10/2023,4,October,2023,639,0.86,-1.7,10.3,5.798,4.07,0.97,3.14
30/10/2023,05/11/2023,1,November,2023,660,0.86,-1.7,10.3,5.798,4.07,0.97,3.14
06/11/2023,12/11/2023,2,November,2023,632,0.86,-1.7,10.3,5.798,4.07,0.97,3.14
13/11/2023,19/11/2023,3,November,2023,675,0.86,-1.7,10.3,5.798,4.07,0.97,3.14
20/11/2023,26/11/2023,4,November,2023,636,0.86,-1.7,10.3,5.798,4.07,0.97,3.14
27/11/2023,03/12/2023,5,November,2023,630,0.86,-1.7,10.3,5.798,4.07,0.97,3.14
04/12/2023,10/12/2023,1,December,2023,611,0.86,-1.7,10.3,5.798,4.07,0.97,3.14
11/12/2023,17/12/2023,2,December,2023,583,0.86,-1.7,10.3,5.798,4.07,0.97,3.14
18/12/2023,24/12/2023,3,December,2023,598,0.86,-1.7,10.3,5.798,4.07,0.97,3.14
25/12/2023,31/12/2023,4,December,2023,595,0.86,-1.7,10.3,5.798,4.07,0.97,3.14
01/01/2024,07/01/2023,1,January,2024,563,0.85,0.03,11.5,3.063,4.8,1.53,3.38
08/01/2024,14/01/2024,2,January,2024,495,0.85,0.03,11.5,3.063,4.8,1.53,3.38
15/01/2024,21/01/2024,3,January,2024,567,0.85,0.03,11.5,3.063,4.8,1.53,3.38
22/01/2024,28/01/2024,4,January,2024,580,0.85,0.03,11.5,3.063,4.8,1.53,3.38
29/01/2024,04/02/2024,1,February,2024,471,0.85,0.03,11.5,3.063,4.8,1.53,3.38
05/02/2024,11/02/2024,2,February,2024,523,0.85,0.03,11.5,3.063,4.8,1.53,3.38
12/02/2024,18/02/2024,3,February,2024,491,0.85,0.03,11.5,3.063,4.8,1.53,3.38
19/02/2024,25/02/2024,4,February,2024,516,0.85,0.03,11.5,3.063,4.8,1.53,3.38
26/02/2024,03/03/2024,5,February,2024,481,0.85,0.03,11.5,3.063,4.8,1.53,3.38
04/03/2024,10/03/2024,1,March,2024,482,0.85,0.03,11.5,3.063,4.8,1.53,3.38
11/03/2024,17/03/2024,2,March,2024,551,0.85,0.03,11.5,3.063,4.8,1.53,3.38
18/03/2024,24/03/2024,3,March,2024,573,0.85,0.03,11.5,3.063,4.8,1.53,3.38
25/03/2024,31/03/2024,4,March,2024,521,0.85,0.03,11.5,3.063,4.8,1.53,3.38
01/04/2024,07/04/2024,1,April,2024,469,0.85,0.03,11.5,3.063,4.8,1.53,3.38
08/04/2024,14/04/2024,2,April,2024,494,0.85,0.03,11.5,3.063,4.8,1.53,3.38
15/04/2024,21/04/2024,3,April,2024,526,0.85,0.03,11.5,3.063,4.8,1.53,3.38
22/04/2024,28/04/2024,4,April,2024,611,0.85,0.03,11.5,3.063,4.8,1.53,3.38
29/04/2024,05/05/2024,1,May,2024,600,0.85,0.03,11.5,3.063,4.8,1.53,3.38
06/05/2024,12/05/2024,2,May,2024,573,0.85,0.03,11.5,3.063,4.8,1.53,3.38
13/05/2024,19/05/2024,3,May,2024,560,0.85,0.03,11.5,3.063,4.8,1.53,3.38
20/05/2024,26/05/2024,4,May,2024,601,0.85,0.03,11.5,3.063,4.8,1.53,3.38
27/05/2024,02/06/2024,5,May,2024,617,0.85,0.03,11.5,3.063,4.8,1.53,3.38
03/06/2024,09/06/2024,1,June,2024,551,0.85,0.03,11.5,3.063,4.8,1.53,3.38
10/06/2024,16/06/2024,2,June,2024,560,0.85,0.03,11.5,3.063,4.8,1.53,3.38
17/06/2024,23/06/2024,3,June,2024,513,0.85,0.03,11.5,3.063,4.8,1.53,3.38
24/06/2024,30/06/2024,4,June,2024,576,0.85,0.03,11.5,3.063,4.8,1.53,3.38
01/07/2024,07/07/2024,1,July,2024,585,0.85,0.03,11.5,3.063,4.8,1.53,3.38
08/07/2024,14/07/2024,2,July,2024,509,0.85,0.03,11.5,3.063,4.8,1.53,3.38
15/07/2024,21/07/2024,3,July,2024,653,0.85,0.03,11.5,3.063,4.8,1.53,3.38
22/07/2024,28/07/2024,4,July,2024,644,0.85,0.03,11.5,3.063,4.8,1.53,3.38
29/07/2024,04/08/2024,1,August,2024,632,0.85,0.03,11.5,3.063,4.8,1.53,3.38
05/08/2024,11/08/2024,2,August,2024,618,0.85,0.03,11.5,3.063,4.8,1.53,3.38
12/08/2024,18/08/2024,3,August,2024,653,0.85,0.03,11.5,3.063,4.8,1.53,3.38
19/08/2024,25/08/2024,4,August,2024,660,0.85,0.03,11.5,3.063,4.8,1.53,3.38
26/08/2024,01/09/2024,5,August,2024,699,0.85,0.03,11.5,3.063,4.8,1.53,3.38
02/09/2024,08/09/2024,1,September,2024,706,0.85,0.03,11.5,3.063,4.8,1.53,3.38
09/09/2024,15/09/2024,2,September,2024,654,0.85,0.03,11.5,3.063,4.8,1.53,3.38
16/09/2024,22/09/2024,3,September,2024,658,0.85,0.03,11.5,3.063,4.8,1.53,3.38
23/09/2024,29/09/2024,4,September,2024,723,0.85,0.03,11.5,3.063,4.8,1.53,3.38
